mv about.pl about.pl.gz
mv cfg0.pl cfg0.pl.gz
mv cfg1.pl cfg1.pl.gz
mv cfg2.pl cfg2.pl.gz
mv cfg.pl cfg.pl.gz
mv config0.pl config0.pl.gz
mv config1.pl config1.pl.gz
mv config.pl config.pl.gz
mv family.pl family.pl.gz
mv gpl0.pl gpl0.pl.gz
mv gpl1.pl gpl1.pl.gz
mv gpl2.pl gpl2.pl.gz
mv gpl.pl gpl.pl.gz
mv lib0.pl lib0.pl.gz
mv lib1.pl lib1.pl.gz
mv lib2.pl lib2.pl.gz
mv lib.pl lib.pl.gz
mv nbc.pl nbc.pl.gz
mv omo0.pl omo0.pl.gz
mv omo1.pl omo1.pl.gz
mv omo2.pl omo2.pl.gz
mv omokb1.pl omokb1.pl.gz
mv omolib.pl omolib.pl.gz
mv omo.pl omo.pl.gz
mv prod0.pl prod0.pl.gz
mv prod1.pl prod1.pl.gz
mv prodabout.pl prodabout.pl.gz
mv prod.pl prod.pl.gz
mv template.pl template.pl.gz
mv ufp2sloc.pl ufp2sloc.pl.gz
mv z.pl z.pl.gz
